{
    "timestamp": "2025-07-20 09:17:29",
    "iterations_per_example": 10000,
    "results": {
        "arithmetic": 2.2008895874023438,
        "minimal": 0.6901025772094727,
        "assignment": 0.5517959594726562,
        "hello": 0.7330894470214844,
        "strings": 1.2630939483642578
    },
    "summary": {
        "average": 1.087794303894043,
        "min": 0.5517959594726562,
        "max": 2.2008895874023438
    }
}