{
    "timestamp": "2025-07-20 22:42:24",
    "iterations_per_example": null,
    "results": {
        "arrays": 13926.920294761658,
        "minimal": 14098.173379898071,
        "assignment": 14223.17922115326,
        "arithmetic": 14254.486560821533,
        "variables": 14343.47927570343,
        "strings": 14404.624700546265,
        "coercion": 14543.738961219788,
        "comparisons": 14583.596587181091,
        "hello": 14780.083298683167,
        "typeCoercion": 14894.965291023254,
        "phpTags": 15091.42518043518,
        "floats": 15129.777789115906,
        "complex": 15297.189354896545,
        "booleans": 15470.37959098816,
        "operators": 15679.898858070374,
        "types": 16132.235527038574
    },
    "summary": {
        "average": 14803.384616971016,
        "min": 13926.920294761658,
        "max": 16132.235527038574
    }
}